{"_runtime":52.981289,"training_statistics":{"width":1500,"height":500,"_type":"image-file","sha256":"d040e092ae81f9e87a941c529a67390c6d0593cf5b7e7760f6059da35535bb1e","size":44421,"path":"media/images/training_statistics_5_d040e092ae81f9e87a94.png","format":"png"},"_wandb":{"runtime":52},"_step":5,"accuracy":0.9677526595744681,"loss":0.13106655723745364,"_timestamp":1.736863112200533e+09}